{
    "syntax_error": {
        "pattern": "SyntaxError",
        "fix": "restore_from_backup"
    },
    "indentation_error": {
        "pattern": "IndentationError",
        "fix": "fix_indentation"
    },
    "file_not_found": {
        "pattern": "No module named",
        "fix": "create_missing_file"
    },
    "permission_error": {
        "pattern": "PermissionError",
        "fix": "fix_permissions"
    },
    "import_error": {
        "pattern": "ModuleNotFoundError",
        "fix": "pip install"
    },
    "attribute_error": {
        "pattern": "AttributeError",
        "fix": "restore_from_backup"
    },
    "race_condition": {
        "pattern": "concurrent access",
        "fix": "add_synchronization"
    },
    "deadlock": {
        "pattern": "deadlock detected",
        "fix": "resolve_deadlock"
    },
    "memory_leak": {
        "pattern": "memory usage exceeded",
        "fix": "fix_memory_leak"
    },
    "resource_exhaustion": {
        "pattern": "too many open files",
        "fix": "close_resources"
    },
    "performance_degradation": {
        "pattern": "slow operation detected",
        "fix": "optimize_performance"
    },
    "thread_exception": {
        "pattern": "exception in thread",
        "fix": "handle_thread_exception"
    },
    "concurrent_errors": {
        "pattern": "multiple errors detected",
        "fix": "fix_concurrent_errors"
    }
}
